1;Joanna Moore;NiKo;Bosnia and Herzegovina;FaZe;$ 703827;775
2;Aleksandr Kostyliev;s1mple;Ukraine;NAVI;$ 589515;740
3;Denis Sharipov;electronic;Russian Federation;NAVI;$ 475216;726
4;Marcelo David;coldzera;Brazil;FaZe;$ 954232;715
5;Evelyn Barron;rain;Norway;FaZe;$ 705938;710
6;Vincent Cayonte;Brehze;United States;EG;$ 306117;704
7;Mathieu Herbaut;ZywOo;France;VIT;$ 239754;693
8;Peter Rasmussen;dupreeh;Denmark;Astralis;$ 1467317;691
9;Jonathan Jablonowski;EliGE;United States;Liquid;$ 688000;690
10;Egor Vasilyev;flamie;Russian Federation;NAVI;$ 707202;681
11;Freddy Johansson;KRIMZ;Sweden;Fnatic;$ 781693;680
12;Robin Kool;ropz;Estonia;mouz;$ 378980;678
13;Ethan Arnold;Ethan;United States;EG;$ 306850;673
14;Keith Markovic;NAF;Canada;Liquid;$ 749606;665
15;Nicolai Reedtz;device;Denmark;Astralis;$ 1464317;660
16;Jennifer Brown;flusha;Sweden;Fnatic;$ 762217;660
17;Kenny Schrub;kennyS;France;G2;$ 670167;659
18;Russel Van Dulken;Twistzz;Canada;Liquid;$ 599200;656
19;Emil Reif;Magisk;Denmark;Astralis;$ 1066892;655
20;Joseph Castro;huNter-;Bosnia and Herzegovina;G2;$ 134086;655
21;Helvijs Saukants;broky;Latvia;FaZe;$ 61872;652
22;Dan Madesclaire;apEX;France;VIT;$ 755361;647
23;Fredrik Sterner;REZ;Sweden;NiP;$ 232178;647
24;Kirill Mikhailov;Boombl4;Russian Federation;NAVI;$ 141449;647
25;Ludvig Brolin;Brollan;Sweden;Fnatic;$ 305960;644
26;Ryan Edwards;valde;Denmark;OG;$ 264800;641
27;Richard Papillon;shox;France;VIT;$ 612306;639
28;Vicki Bray;nexa;Serbia;G2;$ 167132;639
29;Ilya Zalutskiy;Perfecto;Russian Federation;NAVI;$ 112304;639
30;Tarik Celik;tarik;United States;EG;$ 676645;635
31;Jesper Wecksell;JW;Sweden;Fnatic;$ 795417;633
32;Issa Murad;ISSAA;Jordan;OG;$ 124156;633
33;Maikil Selim;Golden;Sweden;Fnatic;$ 396909;630
34;Joseph Roman;AmaNEk;France;G2;$ 168406;628
35;Tsvetelin Dimitrov;CeRq;Bulgaria;EG;$ 288719;624
36;Peter Jarguz;stanislaw;Canada;EG;$ 409300;618
37;Jeffery Gregory;frozen;Slovakia;mouz;$ 132460;616
38;Nathan Schmitt;NBK-;France;OG;$ 762583;611
39;Simon Eliasson;twist;Sweden;NiP;$ 184290;610
40;Mateusz Wilczewski;mantuu;United Kingdom;OG;$ 53411;606
41;Justin Savage;jks;Australia;COL;$ 187619;605
42;Jake Yip;Stewie2K;United States;Liquid;$ 729100;602
43;Diana Thomas;RpK;France;VIT;$ 424532;600
44;Chris de Jong;chrisJ;Netherlands;mouz;$ 465610;597
45;Lukas Rossander;gla1ve;Denmark;Astralis;$ 1320495;593
46;Finn Andersen;karrigan;Denmark;mouz;$ 876929;591
47;Nicolas Gonzalez Zamora;Plopski;Sweden;NiP;$ 57831;587
48;Kristian Wienecke;k0nfig;Denmark;COL;$ 383652;581
49;Aleksi Virolainen;Aleksib;Finland;OG;$ 188366;576
50;Audric Jug;JaCkz;France;G2;$ 169637;575
51;Toni Ramos;XANTARES;Turkey;BIG;$ 249145;574
52;Joakim Myrbostad;jkaem;Norway;Apeks;$ 166611;570
53;Tim Jonasson;nawwk;Sweden;NiP;$ 37871;570
54;Sean Kaiwai;Gratisfaction;New Zealand;100T;$ 96382;567
55;Aaron Ward;AZR;Australia;100T;$ 188019;565
56;Benjamin Bremer;blameF;Denmark;COL;$ 127564;565
57;Alexey Golubev;qikert;Kazakhstan;VP;$ 138052;563
58;Dzhami Ali;Jame;Russian Federation;VP;$ 130552;560
59;Martin Lund;stavn;Denmark;Heroic;$ 117623;558
60;Jacqueline Anderson;cadiaN;Denmark;Heroic;$ 184283;557
61;Patrick Hansen;es3tag;Denmark;C9;$ 134951;556
62;Kenneth Wallace;misutaaa;France;VIT;$ 53400;551
63;Timur Tulepov;buster;Kazakhstan;VP;$ 135432;545
64;Yuri Santos;yuurih;Brazil;FURIA;$ 121372;545
65;Kaike Cerato;KSCERATO;Brazil;FURIA;$ 120786;538
66;Jay Tregillgas;Liazz;Australia;100T;$ 105913;537
67;Jonas Olofsson;Lekr0;Sweden;North;$ 426460;535
68;Katherine Evans;Kjaerbye;Denmark;FaZe;$ 601151;531
69;Henrique Teles;HEN1;Brazil;FURIA;$ 222490;530
70;Sanjar Kuliev;SANJI;Uzbekistan;VP;$ 94950;527
71;Tizian Feldbusch;tiziaN;Germany;BIG;$ 153971;524
72;William Wierzba;RUSH;United States;COL;$ 552700;523
73;Evgeny Lebedev;FL1T;Russian Federation;forZe;$ 75338;517
74;Valentin Vasilev;poizon;Bulgaria;COL;$ 235112;512
75;Florian Rische;syrsoN;Germany;BIG;$ 123868;510
76;Johannes Borup;b0RUP;Denmark;Heroic;$ 113531;505
77;Johannes Wodarz;tabseN;Germany;BIG;$ 192474;503
78;Vinicius Figueiredo;VINI;Brazil;FURIA;$ 120786;498
79;Miikka Kemppi;suNny;Finland;ENCE;$ 293084;497
80;Aleksi Jalli;allu;Finland;ENCE;$ 375068;492
81;Hampus Poser;hampus;Sweden;NiP;$ 67207;491
82;Bogdan Chernikov;xsepower;Russian Federation;forZe;$ 76659;490
83;Nils Gruhne;k1to;Germany;BIG;$ 99094;486
84;Andrei Piovezan;arT;Brazil;FURIA;$ 120786;484
85;Dmitriy Alekseyev;facecrack;Russian Federation;forZe;$ 80951;478
86;Almaz Asadullin;almazer;Russian Federation;forZe;$ 76936;477
87;Owen Schlatter;oBo;United States;COL;$ 121710;477
88;Andrey Mekhryakov;Jerry;Russian Federation;forZe;$ 77811;474
89;Nikolay Bityukov;mir;Russian Federation;Spirit;$ 107310;471
90;Kaleb Jayne;moose;Canada;Triumph;$ 28884;464
91;YuanZhang Sheng;Attacker;China;TyLoo;$ 98512;453
92;Aurimas Pipiras;Bymas;Lithuania;mouz;$ 16972;452
93;Jere Salo;sergej;Finland;ENCE;$ 172860;450
94;Lisa Vincent;cajunb;Denmark;North;$ 403076;440
95;HaoWen Xu;somebody;China;TyLoo;$ 160167;436
96;Jani Jussila;Aerial;Finland;ENCE;$ 172155;435
97;Philip Aistrup;aizy;Denmark;North;$ 321930;434
98;Yulun Cai;Summer;China;TyLoo;$ 86366;425
99;Nicklas Gade;gade;Denmark;North;$ 92408;424
100;Leonid Vishnyakov;chopper;Russian Federation;Spirit;$ 114530;420
101;Boris Vorobiev;magixx;Russian Federation;Spirit;$ 45100;419
102;Viktor Orudzhev;sdy;Ukraine;Spirit;$ 70800;418
103;Erick Bach;Xeppaa;United States;Chaos;$ 26450;413
104;Alan Mckay;TeSeS;Denmark;Heroic;$ 95325;409
105;Ricky Kemery;floppy;United States;C9;$ 35150;407
106;Josh Ohm;oSee;United States;C9;$ 34050;405
107;Mathias Lauridsen;MSL;Denmark;North;$ 330965;404
108;Nikolaj Kristensen;niko;Denmark;Heroic;$ 197350;399
109;Ian Hardy;motm;United States;C9;$ 33940;399
110;Aran Groesbeek;Sonic;South Africa;C9;$ 46215;394
111;Artem Egorov;iDISBALANCE;Russian Federation;Spirit;$ 50800;391
112;Kelun Sun;SLOWLY;China;TyLoo;$ 25006;389
113;Nathan Orf;leaf;United States;Chaos;$ 20800;388
114;Erik Penny;penny;Canada;Triumph;$ 5000;386
115;Sergey Rykhtorov;Ax1Le;Russian Federation;Gambit;$ 43639;384
116;Gabriel Toledo;FalleN;Brazil;MiBR;$ 996930;381
117;Anthony Malaspina;vanity;United States;Chaos;$ 39010;380
118;Kenneth Suen;koosta;United States;Super Team;$ 143490;379
119;Jonathan Carey;Jonji;Canada;Chaos;$ 33150;379
120;Fernando Alvarenga;fer;Brazil;MiBR;$ 996930;374
121;Dmitry Sokolov;sh1ro;Russian Federation;Gambit;$ 43239;374
122;Epitacio De Melo;TACO;Brazil;MiBR;$ 1067308;373
123;Hansel Ferdinand;BnTeT;Indonesia;Super Team;$ 131173;372
124;Johnny Theodosiou;JT;South Africa;C9;$ 41969;368
125;Abay Khasenov;Hobbit;Kazakhstan;Gambit;$ 249963;367
126;Martin Styk;STYKO;Slovakia;GOD;$ 308466;366
127;David Rasmussen;snatchie;Poland;Sprout;$ 80068;365
128;Timothy Ta;autimatic;United States;Super Team;$ 417450;364
129;Vito Giuseppe;kNgV-;Brazil;MiBR;$ 146231;364
130;Patrik Lindberg;f0rest;Sweden;DIG;$ 474265;360
131;Frederik Gyldstrand;acoR;Denmark;Lions;$ 141477;356
132;Jesse Linjala;zehN;Finland;GOD;$ 57624;352
133;Elias Olkkonen;Jamppi;Finland;ENCE;$ 20080;351
134;Rasmus Beck;sjuush;Denmark;Lions;$ 134134;350
135;Sam Oh;s0m;United States;Super Team;$ 34800;349
136;Vladislav Gorshkov;nafany;Russian Federation;Gambit;$ 43239;348
137;Michael Wince;Grim;United States;Liquid;$ 54190;347
138;Sarah Robinson;dycha;Poland;Sprout;$ 34350;345
139;Josef Baumann;faveN;Germany;Sprout;$ 52675;344
140;Robert Holland;Maden;Montenegro;GOD;$ 33920;343
141;Zhenghao Lv;DANK1NG;China;TyLoo;$ 23006;338
142;John Nelson;roeJ;Denmark;Lions;$ 124400;337
143;Timofey Yakushin;interz;Russian Federation;Gambit;$ 43239;334
144;Dominik Swiderski;GruBy;Poland;AGO;$ 124387;332
145;Ismail Ali;refrezh;Denmark;Lions;$ 33611;328
146;Yi Yang;JamYoung;China;VG;$ 13691;328
147;Denis Howell;denis;Germany;Sprout;$ 151698;325
148;Marco Pfeiffer;Snappi;Denmark;C0ntact;$ 152612;324
149;Timo Richter;Spiidi;Germany;Sprout;$ 137572;323
150;Damian Kislowski;Furlan;Poland;AGO;$ 221680;321
151;Andrew Khong;Kaze;Malaysia;VG;$ 34423;321
152;Omar Chakkor;arki;Spain;sAw;$ 12187;318
153;Christopher Fernandes;MUTiRiS;Portugal;sAw;$ 18661;318
154;Joshua Potter;INS;Australia;RNG;$ 55871;317
155;Aleksey Gusev;El1an;Russian Federation;Winstrike;$ 11680;317
156;Carl Hughes;stadodo;Portugal;sAw;$ 8492;317
157;Vladyslav Nechyporchuk;bondik;Ukraine;Winstrike;$ 137550;315
158;Edgar Maldonado;MarKE;Mexico;Chaos;$ 26525;315
159;Paytyn Johnson;Junior;United States;Triumph;$ 10250;313
160;Tiago Moura;JUST;Portugal;sAw;$ 8902;312
161;Ricardo Oliveira;rmn;Portugal;sAw;$ 14851;310
162;WeiJie Zhong;zhokiNg;China;VG;$ 99226;310
163;Maciej Miklas;F1KU;Poland;AGO;$ 9957;308
164;Christopher Nong;dexter;Australia;RNG;$ 58278;307
165;Zhihong Liu;aumaN;China;VG;$ 55661;303
166;Jesus Carlson;innocent;Poland;Lions;$ 49711;301
167;Simon Williams;Sico;New Zealand;RNG;$ 49044;298
168;Andrew Gray;YEKINDAR;Latvia;VP;$ 16655;298
169;Kevin Amend;kRYSTAL;Germany;GOD;$ 100564;297
170;Jordan Bajic;Hatz;Australia;RNG;$ 60738;296
171;Asger Jensen;Farlig;Denmark;GOD;$ 27993;294
172;Rasmus Nielsen;HooXi;Denmark;Lions;$ 4313;287
173;Alan Hardeman;Shakezullah;United States;Triumph;$ 11450;287
174;Damian Steele;daps;Canada;Super Team;$ 335406;285
175;Aidyn Turlybekov;KrizzeN;Kazakhstan;Winstrike;$ 57843;285
176;Viktor Boldyrev;Lack1;Kazakhstan;Winstrike;$ 8982;284
177;Zhuo Liang;advent;China;VG;$ 70099;283
178;Asger Larsen;AcilioN;Denmark;CPF;$ 195556;276
179;Liam Schembri;malta;Australia;RNG;$ 69609;274
180;Hugh Anderson;HUGHMUNGUS;Australia;Chiefs;$ 8672;273
181;David Danielyan;n0rb3r7;Russian Federation;K23;$ 19668;273
182;Heidi Cole;NaToSaphiX;Denmark;COL;$ 44750;272
183;Christopher Alesund;GeT_RiGhT;Sweden;DIG;$ 465965;268
184;Alejandro Masanet;ALEX;Spain;MRS;$ 17652;268
185;JiaMing Gu;DeStRoYeR;China;iG;$ 20485;268
186;Alexey Trofimov;NickelBack;Russian Federation;Winstrike;$ 15439;268
187;Benjamin Bowen;woxic;Turkey;C9;$ 188579;265
188;Lucas Andersen;Bubzkji;Denmark;Astralis;$ 160585;262
189;Rustem Telepov;mou;Kazakhstan;K23;$ 269026;260
190;Nick Cannella;nitr0;United States;100T;$ 673700;259
191;Ryan Welsh;ryann;United States;Triumph;$ 12710;259
192;Adam Friberg;friberg;Sweden;DIG;$ 372065;258
193;Otto Sihvo;ottoNd;Finland;C0ntact;$ 50066;258
194;Rokas Milasauskas;EspiranTo;Lithuania;C0ntact;$ 69668;257
195;Ashley Cummings;Xizt;Sweden;DIG;$ 483415;255
196;Holly Peterson;mopoz;Spain;MRS;$ 16552;251
197;Abdul Gasanov;degster;Russian Federation;Espada;$ 13477;251
198;Alencar Rossato;trk;Brazil;MiBR;$ 42256;251
199;Nicolas Dgus;Keoz;Belgium;K23;$ 17897;249
200;Lucas Lopes;steel;Brazil;MRS;$ 235945;248
201;Dmitriy Bandurka;Dima;Russian Federation;Espada;$ 54037;248
202;Magnus Olsen;Nodios;Denmark;x6tence;$ 17524;248
203;Courtney Salinas;robiin;Sweden;END;$ 29864;247
204;Brian Johnson;mhL;Poland;AGO;$ 10657;247
205;Oskar Stenborowski;oskarish;Poland;FS20;$ 21864;246
206;Kia Man;Surreal;United Kingdom;END;$ 45020;246
207;Georgi Grigorov;SHiPZ;Bulgaria;CK;$ 151550;246
208;Fabien Fiey;kioShiMa;France;Heretics;$ 401244;244
209;Sanzhar Iskhakov;neaLaN;Kazakhstan;K23;$ 18817;244
210;Kacper Walukiewicz;Kylar;Poland;AVEZ;$ 3704;244
211;Sami Laasanen;xseveN;Finland;HAVU;$ 174225;243
212;Alex Petrov;Rainwaker;Bulgaria;SKADE;$ 8052;242
213;Dmitry Forostyanko;S0tF1k;Russian Federation;Espada;$ 55885;241
214;Kamil Pietkun;KEi;Poland;AVEZ;$ 3704;241
215;Robert Bauer MD;byali;Poland;AVEZ;$ 561833;240
216;Janusz Pogorzelski;Snax;Poland;IG;$ 623332;239
217;Vladislav Usov;FinigaN;Russian Federation;Espada;$ 13477;239
218;Jonas Dideriksen;Queenix;Denmark;x6tence;$ 2768;238
219;Robert Isyanov;Patsi;Russian Federation;Espada;$ 13100;238
220;Karlo Pivac;USTILO;Australia;ORDER;$ 117162;237
221;Joey Steusel;CRUC1AL;Netherlands;END;$ 28270;236
222;Lucas Chastang;Lucky;France;Heretics;$ 68020;232
223;Bryan Canda;Maka;France;Heretics;$ 28150;232
224;Denislav Dimitrov;dennyslaw;Bulgaria;SKADE;$ 7680;232
225;Peeratch Ingkudanonda;Olivia;Thailand;Beyond;$ 10163;231
226;Krit Chaiprasit;Kntz;Thailand;Beyond;$ 9577;230
227;Ricardo Mulholland;Rickeh;Australia;ORDER;$ 83961;228
228;Kuba Markowski;Markoś;Poland;AVEZ;$ 4576;228
229;Vadim Karetin;Flarich;Latvia;HR;$ 9040;226
230;Max Heath;MiGHTYMAX;United Kingdom;END;$ 20192;225
231;Melissa Middleton;xms;France;Heretics;$ 89965;225
232;Joshua Nissan;steel;Canada;100T;$ 53602;225
233;Alistair Johnston;aliStair;Australia;ORDER;$ 48325;224
234;Anton Titov;speed4k;Russian Federation;Nemiga;$ 22404;224
235;Lifan Ran;Viva;China;iG;$ 21814;224
236;Teodor Nikolov;SPELLAN;Bulgaria;SKADE;$ 29321;223
237;Peng Song;xiaosaGe;China;iG;$ 29554;222
238;Dennis Edman;dennis;Sweden;Apeks;$ 343494;217
239;Arek Nawojski;Vegi;Poland;IG;$ 18679;216
240;Matthew Hartrick;Valiance;Australia;ORDER;$ 12147;214
241;Nabil Benrlitom;Nivera;Belgium;Heretics;$ 9316;211
242;Jireh Youakim;J1rah;Australia;ORDER;$ 11031;208
243;Charlie Dodd;zeph;Australia;Chiefs;$ 18805;208
244;Piotr Nawrocki;nawrot;Poland;AVEZ;$ 6248;207
245;Anupong Mueangngam;stk;Thailand;Beyond;$ 8666;206
246;Maitri Sukrob;MAIROLLS;Thailand;Beyond;$ 9577;206
247;Euan Moore;sterling;New Zealand;Avant;$ 16072;204
248;Igor Solodkov;lollipop21k;Belarus;Nemiga;$ 15766;200
249;Phoomphat Phodjanat;qqGOD;Thailand;Beyond;$ 12752;199
250;Lei Mao;bottle;China;iG;$ 30461;199
251;Debra Russell;HaZR;Australia;Avant;$ 9948;199
252;Christopher Phillips;supra;Estonia;Super Team;$ 33139;199
253;Rahul Nemani;curry;United States;Super Team;$ 10150;199
254;Christina Stewart;reatz;Poland;IG;$ 57816;198
255;Peter Athanasatos;BL1TZ;Australia;Avant;$ 13842;198
256;Peiqi Song;flying;China;iG;$ 18306;197
257;Igor Bezotecheskiy;Forester;Russian Federation;HL;$ 19385;196
258;Tom Henry;apocdud;Australia;Chiefs;$ 5732;195
259;Dauren Kystaubayev;AdreN;Kazakhstan;VP;$ 446807;192
260;ZhiWei Liu;0i;China;After;$ 25458;189
261;Mike Aliferis;apoc;Australia;Avant;$ 20927;189
262;Aleksandr Rubets;mds;Belarus;Nemiga;$ 13483;188
263;Rassim Valijev;Jyo;Estonia;Nemiga;$ 14038;181
264;Vladislav Kravchenko;Krad;Russian Federation;HL;$ 17985;180
265;Vernon Martin;mouz;Poland;IG;$ 171743;179
266;Lasse Uronen;ZOREE;Finland;HAVU;$ 76937;179
267;Martin Kuyumdjiev;mar;Bulgaria;FATE;$ 10359;179
268;Jordan Montemurro;Zellsis;United States;SP;$ 22970;177
269;Nikolay Pantaleev;niki1;Bulgaria;FATE;$ 15761;176
270;Fredrik Gustafsson;FREDDyFROG;Sweden;Galaxy R;$ 16750;175
271;Xue Bing Dai;B1NGO;China;After;$ 3621;174
272;Taylor Dyer;sLowi;Finland;HAVU;$ 64230;173
273;Semyon Lisitsyn;kinqie;Russian Federation;HL;$ 19385;172
274;Erik Hansen Dyrnes;truth;Norway;Apeks;$ 2421;172
275;Valeriy Vakhovskiy;B1T;Ukraine;Super Team;$ 14300;172
276;Austin Abadir;Cooper-;United States;SP;$ 14650;171
277;Joonas Forss;doto;Finland;HAVU;$ 50753;171
278;Joakim Gustafsson;Relaxa;Sweden;Galaxy R;$ 16750;170
279;Simon Feldt;tabz;Sweden;Galaxy R;$ 3700;170
280;Gabe Greiner;Spongey;United States;Triumph;$ 11350;170
281;Niclas Plessen;PlesseN;Sweden;Galaxy R;$ 56489;169
282;Trevor Lindsey;hallzerk;Norway;DIG;$ 8420;169
283;Viktor Mitev;Duplicate;Bulgaria;SKADE;$ 4190;169
284;Jennifer Griffin;Xyp9x;Denmark;Astralis;$ 1440509;167
285;Anton Burko;boX;Belarus;Nemiga;$ 16536;167
286;Svyatoslav Dovbakh;svyat;Russian Federation;HL;$ 20785;167
287;Jonathan Dallal;djay;Canada;NEW;$ 2100;165
288;Kristoffer Aamand;Kristou;Denmark;AGF;$ 3245;165
289;Casper Andersen;Celrate;Denmark;SNG;–;165
290;Yanko Panov;blocker;Bulgaria;FATE;$ 128209;164
291;Ole Kristian Langan;Marcelious;Norway;Apeks;$ 4121;164
292;Aydos Khairzhan;kade0;Kazakhstan;K23;$ 6893;164
293;Sander Iversen;Grus;Norway;123;$ 4121;162
294;Karol Rodowicz;rallen;Poland;ARCY;$ 172878;161
295;Jonathan Wade;kabal;Mongolia;TIGER;$ 20346;161
296;Nikolaj Rysakov;kalinka;Lithuania;HR;$ 4826;161
297;Declan Portelli;Vexite;Australia;Chiefs;$ 2906;161
298;Dmitry Bolotov;rAge;Ukraine;HL;$ 9371;159
299;Dmitriy Martinov;ProbLeM;Russian Federation;HR;$ 2048;158
300;Matthew Garcia MD;dobu;Mongolia;TIGER;$ 20546;157
301;Nikita Panyushkin;JIaYm;Russian Federation;HR;$ 2348;157
302;Josh Pigue;PwnAlone;United States;NEW;$ 4520;157
303;Dmitriy Chervak;jR;Ukraine;HR;$ 63528;156
304;Thomas Utting;Thomas;United Kingdom;Envy;$ 23842;156
305;Eetu Saha;sAw;Finland;HAVU;$ 75001;155
306;Kristian Kornbakk;akez;Norway;123;$ 4121;153
307;Erdenetsogt Gantulga;erkaSt;Mongolia;TIGER;$ 52822;153
308;Adam Wahlqvist;dezon;Sweden;Galaxy R;$ 5562;152
309;Kristjan Jakobson;shokz;Estonia;MRS;$ 6863;150
310;Yesuntumur Gantulga;nin9;Mongolia;TIGER;$ 10963;148
311;Allen Cummings;torzsi;Hungary;B5;$ 1518;146
312;Brandon Roberts;BOOBIE;United States;YeaH;$ 2100;145
313;Jesper Plougmann;TENZKI;Denmark;Norda;$ 100436;144
314;Kristjan Allsaar;fejtZ;Estonia;Norda;$ 33239;144
315;Hector Jensen;HECTOz;Denmark;x6tence;$ 4290;142
316;Jorgen Robertsen;cromen;Norway;CK;$ 56528;142
317;Tobias Theo;TOBIZ;Denmark;SNG;–;142
318;Ben Smith;ben1337;United States;NEW;$ 7100;141
319;Owen Butterfield;smooya;United Kingdom;C0ntact;$ 57961;140
320;April Martinez;kory;Hungary;B5;$ 1999;140
321;Gage Green;Infinite;United States;Rugratz;$ 37000;139
322;Flatron Halimi;juanflatroo;Albania;HERCEG;$ 2741;139
323;Petr Bolyshev;fame;Russian Federation;Super Team;$ 200;139
324;Kevin Tarn;HS;Estonia;Norda;$ 57059;138
325;Alfred Karlsson;RuStY;Sweden;GL;$ 16290;138
326;Kamen Kostadinov;bubble;Bulgaria;MBAPPEEK;$ 168624;137
327;Elizabeth Richardson;emi;Serbia;C0ntact;$ 43269;137
328;Danny Strzelczyk;cxzi;United States;Rugratz;$ 3900;136
329;Sabit Coktasar;mirbit;Germany;aTTaX;$ 35209;135
330;Nicholas Figueroa;TMB;Denmark;AGF;$ 16260;135
331;Bold Batsuh;ncl;Mongolia;Maza;$ 23456;133
332;Sergey Atamanchuk;Sergiz;Ukraine;Proj X;$ 2668;133
333;Eduardo Wolkmer;dumau;Brazil;YeaH;$ 5568;132
334;Guy Trachtman;anarkez;Israel;Secret;$ 3448;130
335;Jay Jeong;soju_j;New Zealand;Chiefs;$ 6913;130
336;Deyvid Benchev;h4rn;Bulgaria;FATE;$ 7970;130
337;Mrs. Amanda Wilson DVM;kressy;Germany;aTTaX;$ 40491;129
338;Rodrigo Figueiredo;RCF;Brazil;YeaH;$ 14964;128
339;Dionis Budeci;sinnopsyy;Albania;Secret;$ 4048;128
340;Arthur Schmitt;f4stzin;Brazil;YeaH;$ 5494;128
341;Christian Garcia Antoran;loWel;Spain;MRS;$ 70713;127
342;Stefan Seier;stfN;Germany;aTTaX;$ 46503;127
343;Joakim Gidetun;disco doplan;Sweden;selectah;$ 107369;127
344;Dmitriy Shvorak;SENSEi;Ukraine;Proj X;$ 1419;127
345;Haris Hadzic;H4RR3;Norway;DIG;$ 9708;127
346;Denis Kostin;seized;Russian Federation;CL;$ 329729;126
347;Mario Samayoa;malbsMd;Guatemala;One;$ 8129;125
348;Denis Gutaj;grux;Sweden;Super Team;$ 6500;124
349;Evgeniy Motsevoy;7oX1C;Ukraine;Proj X;$ 1644;123
350;Jacek Jeziak;MINISE;Poland;PACT;$ 70140;122
351;Chris Hanley;ofnu;New Zealand;Avant;$ 21600;122
352;Fritz Dietrich;slaxz-;Germany;aTTaX;$ 21974;122
353;Dmitry Nikonchuk;Diray;Russian Federation;Super Team;$ 200;122
354;Artyom Glebkin;kise;Russian Federation;Super Team;$ 200;122
355;Ivan Stratiev;Rock1nG;Bulgaria;Super Team;$ 12116;121
356;Ryan Graham;STOMP;Poland;FS20;$ 4638;121
357;Lindsey Rivera;Marek;Taiwan;After;$ 8613;121
358;Blake Mcbride;coolio;Hungary;B5;$ 1518;121
359;Gleb Olchedaevsky;s1natoRRR;Russian Federation;Super Team;$ 200;121
360;Wiktor Wojtas;TaZ;Poland;HNR;$ 562863;120
361;Filip Kubski;NEO;Poland;HNR;$ 577380;120
362;Alexandr Zlobin;Psycho;Ukraine;Proj X;$ 2968;120
363;Shahar Shushan;flameZ;Israel;END;$ 2600;120
364;Jeffrey Jones;nosraC;United States;Rebirth;$ 1400;120
365;Olof Kajbjer;olofmeister;Sweden;FaZe;$ 842801;119
366;Ivan Ivanov;Patrick;Bulgaria;FATE;$ 7970;119
367;Sergiy Demchenko;DemQQ;Ukraine;Proj X;$ 2519;118
368;Ricardo Prass;boltz;Brazil;BOOM;$ 364864;116
369;Patrik Boda;bodito;Hungary;B5;$ 1897;115
370;Kamil Sobolewski;Sobol;Poland;PACT;$ 7306;115
371;Alexander Zagodyrenko;zorte;Russian Federation;EthereaI;$ 1264;115
372;Brian Thompson;darko;Poland;PACT;$ 12087;114
373;Rajohn Linato;EasTor;Spain;OFFSET;$ 9893;112
374;Daniel Cain;R0b3n;Latvia;EthereaI;$ 3164;112
375;Krzysiek Gorski;Goofy;Poland;PACT;$ 15473;111
376;Victor Torraca;iDk;Brazil;YeaH;$ 26060;110
377;Ramal Silva;Rampage;United States;NEW;$ 1200;109
378;Bruno Martinelli;shz;Brazil;BOOM;$ 22450;108
379;Marcelo Cespedes;chelo;Brazil;BOOM;$ 45952;108
380;Will Loafman;dazzLe;United States;SP;$ 19700;108
381;Alexey Burakov;RuFire;Russian Federation;Super Team;$ 400;108
382;Blagoi Dimitrov;Oxygen;Bulgaria;SKADE;$ 1448;108
383;Katherine Johnson;ScrunK;Germany;aTTaX;$ 26230;107
384;Gustavo Knittel;yel;Brazil;BOOM;$ 66376;107
385;Filip Belojica;aVN;Serbia;StaRADU;$ 1616;107
386;Alef Pereira;tatazin;Brazil;YeaH;$ 10939;107
387;Marie Lopez;b4rtiN;Brazil;One;$ 7116;107
388;Tsog Mashbat;tsogoo;Mongolia;Maza;$ 13293;106
389;Mr. Mathew Gonzalez;dEE;Serbia;lvlUP;$ 3083;105
390;Roy Adams;DiMKE;Serbia;lvlUP;$ 2569;104
391;Cheryl Smith;Impulse;Serbia;lvlUP;$ 7951;103
392;Bradley Avila;phr;Poland;IG;$ 116243;102
393;Emil Schlichter;Remoy;Denmark;SNG;$ 501;102
394;Pavel Legostaev;PASHANOJ;Russian Federation;EthereaI;$ 4567;102
395;Ignacio Meyer;meyern;Argentina;9z;$ 62004;102
396;Matheus Scuvero;prt;Brazil;One;$ 9991;101
397;Rasmus Steensborg;raalz;Denmark;Vikings;$ 9200;100
398;Shelly Schwartz;lunAtic;Poland;PACT;$ 10992;100
399;Scott Thompson;neuz;Mongolia;Maza;$ 550;100
400;Nicole Harvey;fr0slev;Denmark;AGF;$ 10967;98
401;Matheus Panisset;pesadelo;Brazil;One;$ 6428;98
402;David Ramos;hAdji;France;LDLC;$ 50229;97
403;Christine Booth;reiko;Poland;HNR;$ 290;97
404;Gabrielle Williams;Zero;Slovakia;GL;$ 57864;96
405;Lucas Pilheden;Lukki;Denmark;AGF;$ 14059;96
406;Munkhbold Sodbayar;Techno;Mongolia;CM;$ 1400;96
407;Jessica Young;Prism;Poland;CLEANT;–;95
408;Joseph Warren;MICHU;Poland;Envy;$ 186785;94
409;Callum Henderson;BURNRUOk;Australia;GZ;$ 35953;93
410;Cody Buck;birdfromsky;Denmark;Vikings;$ 1366;93
411;William Merriman;mezii;United Kingdom;Stream;$ 284;93
412;Casper Jensen;Cabbi;Denmark;Vikings;$ 1200;93
413;Megan Johnson;felps;Brazil;BOOM;$ 344139;92
414;Malthe Jensen;Twinx;Denmark;Vikings;$ 1200;92
415;Pedro Campos;Maluk3;Brazil;One;$ 27129;91
416;Luke Merchant;Llamas;Australia;GZ;$ 3014;91
417;Justin Coakley;FaNg;Canada;Rugratz;$ 2900;91
418;Fodor Levente;fleav;Hungary;B5;$ 13171;90
419;Andy Zhang;Noobster;Australia;GZ;$ 4294;90
420;Patrick Lacson;Derek;Philippines;Bren;$ 3054;90
421;Telmen Batzorig;shinobi;Mongolia;D13;$ 500;90
422;Deko Evangelista;Papichulo;Philippines;Bren;$ 3954;89
423;Sean Knutsson;eraa;Sweden;GL;$ 773;89
424;Yaman Ergenekon;yam;Australia;Chiefs;$ 51151;87
425;Eugene Karyat;Aunkere;Russian Federation;Super Team;$ 3500;87
426;Gregory Horton;Calyx;Turkey;Envy;$ 146548;86
427;Anthony Kearney;CLASIA;United States;Secret Club;$ 350;86
428;Alexander Matsievich;glowiing;Russian Federation;CL;$ 1399;85
429;Sebastian Larsen;larsen;Denmark;MRS;$ 4087;84
430;Chris Martir;Pro.;Philippines;Bren;$ 3954;84
431;Christophe Xia;SIXER;France;LDLC;$ 255971;83
432;Jonas Wenzelsen;netrick;Denmark;AGF;$ 5921;83
433;Berthel Nielsen;Typos;Denmark;enable;$ 353;83
434;Noah Francis;Nifty;United States;Envy;$ 136567;82
435;Brendan Williams;Bwills;United States;NEW;$ 1500;82
436;Daniel Mertz;mertz;Denmark;x6tence;$ 60363;81
437;Riley Go;witz;Philippines;Bren;$ 3954;81
438;Ivan Koplenko;kapacho;Ukraine;Super Team;$ 3500;81
439;Kirill Gospadarov;Gospadarov;Russian Federation;Super Team;$ 3500;79
440;Kelly Little;GuardiaN;Slovakia;MBAPPEEK;$ 764919;78
441;Mikail Bill;Maikelele;Sweden;GOD;$ 116140;78
442;Itthirit Ngamsaard;foxz;Thailand;LD;$ 4412;78
443;Adam Ahmad;Adam9130;United Kingdom;GL;$ 789;78
444;Alexey Topchienko;Topa;Ukraine;Super Team;$ 3500;78
445;Tengis Batjargal;sk0R;Mongolia;D13;$ 2664;77
446;Kevin Przypasniak;4pack;United States;Rebirth;$ 400;77
447;Jakob Nygaard;Jabbi;Denmark;CPF;$ 770;77
448;Lambert Prigent;Lambert;France;LDLC;$ 20798;75
449;Kitisak Kititharakun;SeveN89;Thailand;LD;$ 4212;75
450;Chanawin Nakchain;JohnOlsen;Thailand;LD;$ 2362;75
451;Kaitlin Boop;Keiti;United States;Mythic;$ 4100;75
452;Martin Wessel;PERCY;Denmark;Secret;$ 15802;74
453;Kitikawin Rattanasukol;PTC;Thailand;LD;$ 8191;74
454;Timur Sabirov;clax;Russian Federation;CL;$ 1499;74
455;Haakon Tholo;Radifaction;Norway;Secret;$ 8562;73
456;Rasmus Johansson;kreaz;Sweden;MBAPPEEK;$ 4950;72
457;Aaro Peltokangas;hoody;Finland;HAVU;$ 54806;72
458;Mikhail Krutov;tricky;Russian Federation;CL;$ 1587;71
459;Ivan Mihai;iM;Romania;NXS;$ 6426;71
460;David Polster;Sneaky;United States;Rebirth;$ 3300;71
461;Enkhtaivan Lkhagva;Machinegun;Mongolia;Maza;$ 13793;70
462;Cameron Shields;XELLOW;Romania;NXS;$ 9494;70
463;Boldbaatar Tengis;rate;Mongolia;TIGER;$ 2664;70
464;Tuvshintugs Nyamdorj;Annihilation;Mongolia;D13;$ 2664;70
465;Erik Flom;fl0m;United States;Mythic;$ 9570;69
466;Alexandre Pianaro;bodyy;France;LDLC;$ 301250;69
467;Luke Blakey;ekul;Australia;Paradox;$ 1410;69
468;Kristin Owens;oskar;Czech Republic;selectah;$ 308516;68
469;Adam Polen;Polen;United States;Mythic;$ 3970;68
470;Sebastian Tropiano;retchy;Canada;Rebirth;$ 300;68
471;Eric Hoag;adreN;United States;Mythic;$ 80656;67
472;Harry Hayes;bedonka;Australia;Paradox;$ 1350;67
473;Marcos Amato;decov9jse;Argentina;Isurus;$ 2972;66
474;Temuulen Battulga;Zilkenberg;Mongolia;Maza;$ 12750;65
475;Michael Gulino;dapr;United States;BNB;$ 20000;65
476;Daniel Urbani;rbz;Australia;Paradox;$ 3544;65
477;Joanna Cole;BTN;Romania;NXS;$ 9371;64
478;Krasen Minchev;Zix;Bulgaria;Super Team;$ 6825;64
479;Daryl May;Mayker;Australia;GZ;$ 3682;64
480;Saad Ahmed;PokemoN;Pakistan;DV;$ 1200;64
481;Munkhtamir Ganbaatar;tamir;Mongolia;D13;$ 2664;64
482;Roberto Themtham;reversive;Argentina;Isurus;$ 6740;63
483;Erin Mata;LETN1;Serbia;C0ntact;$ 55286;61
484;Mrs. Deanna Williams;Noktse;Argentina;Isurus;$ 8740;61
485;Adam Zouhar;NEOFRAG;Czech Republic;Sinners;$ 8018;61
486;Cameron Rivera;ZEDKO;Czech Republic;Sinners;$ 19123;60
487;Collin Mcsweegan;wrath;United States;Chaos;$ 4200;60
488;Seth Miller;beastik;Czech Republic;Sinners;$ 13851;60
489;Jennifer Wilson;Szejn;Poland;Izako;$ 1789;60
490;Sandy Williams;EXUS;Poland;Izako;$ 8155;59
491;Bilguunbat Enkhbayar;kaz;Mongolia;CM;$ 1400;59
492;Garidmagnai Byambasuren;bLitz;Mongolia;CM;$ 1400;59
493;Wu Hui;DD;China;Wings Up;$ 130722;58
494;Johnty Arone;JA;Philippines;Bren;$ 900;58
495;Mateusz Zawistowski;TOAO;Poland;Izako;$ 64961;57
496;Sergelen Jigjidsuren;H4wk;Mongolia;CM;$ 1400;57
497;Kamil Szkaradek;siuhy;Poland;Izako;$ 1789;57
498;Kostadin Turbinov;rafftu;Bulgaria;TT;$ 8191;55
499;Joel Kurta;PEARSS;Australia;GZ;$ 968;55
500;Thomas Taylor;avis;Poland;Izako;$ 1789;55
501;Josh VanGorder;pwny;United States;RBG;$ 1100;55
502;Warittorn Kalanukarn;RoLEX;Thailand;ZIGMA;$ 5719;54
503;Phakhin Jaroenthanajinda;PPOverdose;Thailand;ZIGMA;$ 4016;54
504;Jadan Postma;HexT;Canada;RBG;$ 1100;54
505;Terry White;afroo;France;LDLC;$ 2250;54
506;Manutsawat Sangphadung;Reality;Thailand;ZIGMA;$ 6416;53
507;Max Kvapil;SHOCK;Czech Republic;Sinners;$ 7672;53
508;Evgeny Mitsik;fenvicious;Russian Federation;Unique;$ 4674;52
509;Hubert Ludwig;CaNNiE;Czech Republic;Sinners;$ 7755;52
510;Hristiyan Pironkov;REDSTAR;Bulgaria;CK;$ 7371;52
511;Yosef Abdullah;TTyke;UAE;DV;$ 1200;52
512;Sattawut Reathong;Leaf;Thailand;JIG;$ 3945;51
513;Tuchpong Pongthanadechakit;JUSTCAUSE;Thailand;ZIGMA;$ 5466;51
514;Patcharapon Junman;Niffy;Thailand;ZIGMA;$ 5416;51
515;Olek Miskiewicz;hades;Poland;Super Team;$ 6200;51
516;Nico Tamjidi;nicoodoz;Denmark;CPF;$ 150;51
517;Abdulrahman Alawadhi;DVDOV;UAE;DV;$ 1200;50
518;Jerric Jiang;wiz;United States;RBG;$ 1100;50
519;Colby Walsh;Walco;Canada;RBG;$ 1100;50
520;Mathias Madsen;Maccen;Denmark;Vikings;$ 600;50
521;Wiktor Kruk;mynio;Poland;Super Team;$ 5092;49
522;Logan Long;Voltage;United States;Quest;$ 38490;49
523;Zhengjie Zhuo;MarT1n;China;Wings Up;$ 3430;49
524;Robin Wood;SZPERO;Poland;Super Team;$ 186808;48
525;Victor Wong;food;United States;SP;$ 12050;48
526;Michael Ruiz;jedqr;Poland;Super Team;$ 3480;48
527;Jordan White;pz;Australia;VERTEX;$ 1038;48
528;Cosmin Teodorescu;ragga;Romania;NXS;$ 1266;48
529;Austin Vieira;gmanchew;Canada;RBG;$ 1100;48
530;Kyle Greenfield;Wolffe;United States;RC;$ 350;48
531;Sharvesh Saravanan;dangeR;Australia;Paradox;$ 934;48
532;Ahmad Khalish Rusyaidee Bin Nordin;d4v41;Malaysia;PR;$ 1100;47
533;Melvin Phillips;flashie;Hungary;Salam;$ 18079;46
534;Ahmed Hayder;Ejram;Iraq;DV;$ 1200;46
535;Zack Elshani;XotiC;United States;Rebirth;$ 2600;46
536;Michael Marques;dok;Brazil;HL;$ 4173;46
537;Rodrigo Ausenka;drg;Brazil;HL;$ 3767;46
538;Ryan Abadir;freakazoid;United States;SP;$ 101931;45
539;Mitch Semago;mitch;United States;RSE;$ 35267;45
540;Alexandre Santos;ALLE;Brazil;HL;$ 4463;45
541;Filip Tudev;tudsoN;Poland;StaRADU;$ 7000;45
542;Peter Gurney;ptr;United States;RSE;$ 56380;44
543;Keith Kennedy;xeta;Korea, Republic of;TyLoo;$ 12748;44
544;Shiran Shushan;shushan;Israel;Tiki;$ 1047;44
545;Victor Monteiro;remix;Brazil;HL;$ 3828;44
546;Stanislav Ostashevskiy;fostar;Ukraine;CL;–;44
547;Leslie Soen;Bobosaur;Singapore;HZ;$ 6164;43
548;Baatarkhuu Batbold;Bart4k;Mongolia;w2c;$ 400;43
549;Andrej Manceski;Necrogenes1s;Macedonia;StaRADU;$ 1152;43
550;Jaccob Whiteaker;yay;United States;Orgless;$ 46190;42
551;Alex Palm;PALM1;Sweden;Tiki;$ 1252;42
552;Lotan Giladi;Spinx;Israel;C0ntact;$ 150;40
553;Jakob Hansen;JUGi;Denmark;Astralis;$ 113440;39
554;David Stafford;DAVEY;Canada;Mythic;$ 39810;38
555;Andrew Mcmahon;1962;Argentina;Isurus;$ 7371;38
556;Pengyuan Wang;WANGJ;China;After;$ 1200;38
557;Igor Shevchenko;crush;Ukraine;Unique;$ 28931;37
558;Liu Qi;lan;China;Super Team;$ 5740;37
559;Ali Sachs;phantom;United States;Rebirth;$ 1080;36
560;Pujan Mehta;FNS;Canada;Orgless;$ 113095;35
561;Matthew Yu;WARDELL;Canada;Orgless;$ 36234;35
562;Marcus Tan;nephh;Singapore;HZ;$ 4864;35
563;Justinas Lekavicius;jL;Lithuania;Super Team;$ 701;35
564;Danni Dyg;smF;Denmark;Secret;$ 63635;33
565;Yassine Taoufik;Subroza;Canada;Orgless;$ 46384;33
566;Chinguun Bayarmaa;hasteka;Mongolia;D13;–;33
567;Valentin Bodea;SEMINTE;Romania;NXS;$ 6648;32
568;Nevin Aw;splashske;Singapore;HZ;$ 28139;32
569;Enkhamgalan Ganbold;Mistercap;Mongolia;D13;$ 2014;32
570;WingHei Cheung;Freeman;Hong Kong;TyLoo;$ 40456;31
571;Jason Tran;neptune;United States;Super Team;$ 15550;31
572;Michael Schmid;Swisher;United States;YeaH;$ 700;31
573;Corey Browne;nettik;New Zealand;Rooster;$ 3810;31
574;Xu Peng;Roninbaby;China;HZ;–;31
575;David De Miguel;Kairi;Spain;MAD Lions;$ 8561;30
576;William Wilson;MOLSI;Poland;AVEZ;$ 3236;30
577;Nigel Aw;spielz;Singapore;HZ;$ 4864;30
578;Brenda Lopez;Aaron;Hungary;KPI;$ 819;30
579;Dmitriy Senigov;propleh;Russian Federation;1WIN;$ 2722;30
580;Adam Pampuch;mada;Canada;Rugratz;$ 300;30
581;Alvin Bui;Alvin;United States;Eros;–;30
582;Elmer Coloma;micr0;Philippines;Bren;$ 1800;30
583;Simeon Ganev;dream3r;Bulgaria;Super Team;$ 23252;29
584;Renato Nakano;nak;Brazil;DETONA;$ 14853;29
585;Thomas Nielsen;Ryxxo;Denmark;Norda;$ 11918;29
586;Vladimir Shurygin;la3euka;Russian Federation;MCrew;$ 626;29
587;Aaron Leonhart;mindfreak;Indonesia;PR;$ 742;29
588;Zolbayar Undrakhbayar;ROUX;Mongolia;CM;$ 1400;29
589;Junhao Peng;ChildKing;China;Wings Up;$ 3989;29
590;Zhen Huang;HZ;China;TSG;$ 54850;28
591;Michael Hawkins;chelleos;New Zealand;Rooster;$ 5840;28
592;Love Paras;havoK;India;DV;$ 1400;27
593;Alec Gulabovski;Noisia;Australia;Skyfire;$ 3099;27
594;Daniel Giusa;DannyG;Australia;Rooster;$ 3810;27
595;Nikita Kvochkin;fabi;Russian Federation;MCrew;$ 26;27
596;Riley Fusch;Reality;United States;Super Team;$ 1390;27
597;Ricardo Pacheco;fox;Portugal;Giants;$ 78716;26
598;Anton Kolesnikov;tonyblack;Russian Federation;1WIN;$ 28710;26
599;Benedict Tan;Benkai;Singapore;PR;$ 24775;26
600;Koby Higgs;kobruh;United States;Rugratz;$ 1120;26
601;Rumen Dimitrov;numb;Bulgaria;Super Team;$ 1994;26
602;Dominick Dimpfel;JazzPimp;United States;Super Team;$ 1500;26
603;Sodbileg Batbaatar;cool4st;Mongolia;TIGER;–;26
604;Vadim Vasilyev;DavCost;Russian Federation;1WIN;$ 54217;25
605;Alex Mcmeekin;ALEX;United Kingdom;Stream;$ 207550;25
606;Jordan Newland;SkulL;Australia;Bantz;$ 3110;25
607;Aleksandr Timkiv;TRAVIS;Russian Federation;1WIN;$ 2122;25
608;Sike Zhang;mitsuha;China;LVG;$ 2142;25
609;Oliver Berg;IceBerg;Denmark;SNG;$ 1378;25
610;Wayne Einarsson;castro;Canada;RC;$ 100;25
611;Jennifer Johnson;Sakai;China;After;$ 600;25
612;Jimmy Berndtsson;Jumpy;Sweden;Free Player;$ 20100;24
613;Lucas Bullo;DeStiNy;Brazil;RedC;$ 20007;24
614;Cynthia Kaiser;JonY BoY;Argentina;Isurus;$ 6674;24
615;Zhe Niu;Xg;China;LVG;$ 2142;24
616;Akram Smida;ADK;Australia;Rooster;$ 5390;24
617;Jovan Mucibabic;aybeN;Sweden;Cream;$ 650;24
618;Georgi Yaskin;WorldEdit;Russian Federation;pro100;$ 106027;23
619;Dmitry Matvienko;dimasick;Kazakhstan;pro100;$ 29602;23
620;Irmuun Tuul;PRISM;Mongolia;Maza;–;23
621;Saif Jibraeel;Sayf;Sweden;Super Team;$ 9770;23
622;Ivan Pugach;Electro;Russian Federation;IG Int;–;23
623;Reily Dundas;Versa;Australia;Avant;$ 1003;23
624;Ke Liu;captainMo;China;TSG;$ 119503;22
625;Yi Ding;gas;China;Wings Up;$ 6469;22
626;Peter Kragelund;Inzta;Denmark;Ambush;$ 13873;22
627;Cheryl Pittman;L!nKz^;Chile;Isurus;$ 1881;22
628;Angela Willis;leman;Poland;AGO;$ 5150;22
629;Tuomas Louhimaa;SADDYX;Finland;SJ;$ 11726;22
630;Chris Moseley;Jinxx;Australia;Chiefs;$ 1674;22
631;Gabriel Lino;nython;Brazil;RedC;$ 4560;22
632;Bruno Rebelatto;latto;Brazil;RedC;$ 4508;22
633;Jan Rahkonen;wayLander;Russian Federation;pro100;$ 60750;21
634;Jesse Grandell;KHRN;Finland;SJ;$ 18687;21
635;Amanda Cisneros;arvid;Finland;SJ;$ 13551;21
636;Kritthee Sawatmuang;Geniuss;Thailand;BTRG;$ 6171;21
637;YiNan Wang;Mr.mao;China;LVG;$ 1289;21
638;Benny Phan;tensai;Australia;VERTEX;$ 456;21
639;Filip Pedersen;zeq;Denmark;FURY;$ 503;20
640;Anton Pedersen;notaN;Denmark;SNG;$ 2690;20
641;Paulo Silva;pr;Portugal;Giants;$ 1965;20
642;Benson Niuila;Liki;Australia;Heartless;$ 1700;20
643;Andrey Yasinskiy;BELCHONOKK;Russian Federation;EthereaI;$ 200;20
644;Jason Susanto;f0rsakeN;Indonesia;PR;$ 992;20
645;Filipe Dias;NOPEEJ;Portugal;Giants;$ 1786;20
646;Zhouxing Cai;XinKoiNg;China;LVG;$ 2142;20
647;Alexey Pestov;L4F;Russian Federation;IG Int;–;20
648;Aaron Lozano;Kaine;Mongolia;CM;–;20
649;Matthew Elmore;mCe;United States;SoaR Gaming;$ 9350;19
650;Hunter Mims;SicK;United States;Chaos;$ 82500;19
651;Sean Fontaine;naes;United States;Kinship;$ 350;19
652;Sead Jahovic;Djur;Sweden;flowskola;$ 650;19
653;Erdenedalai Bayanbat;maaRaa;Mongolia;BiM;$ 2050;18
654;Philip Ewald;Lucky;Denmark;TRICKED;$ 1000;18
655;Bradley Fodor;ANDROID;Canada;ZPG;$ 60450;18
656;Konstantin Kim;etl;Russian Federation;IG Int;–;18
657;Samu Leirilaakso;uli;Finland;KOVA;$ 44078;18
658;Jose Fuentes;nukkye;Lithuania;HR;$ 37863;18
659;Cooper Farrell;void;Australia;GZ;$ 3390;18
660;Austin Roberts;crashies;United States;RSE;$ 7410;18
661;Nikita Sirmitev;Derkeps;Finland;FCottoNd;$ 36683;18
662;Igor Shebzukhov;GreK;Russian Federation;IG Int;–;18
663;Lucas Neves;Lucaozy;Brazil;DETONA;$ 881;18
664;Vinicius Moreira;vsm;Brazil;DETONA;$ 4513;18
665;Cameron Kern;cam;United States;Chaos;$ 11870;18
666;Christian Pendleton;addict;New Zealand;VERTEX;–;18
667;Qifang Su;Karsa;China;TSG;$ 16342;17
668;Andreas Kirstein;kiR;Denmark;TRICKED;$ 1166;17
669;Oliver Rasmussen;kwezz;Denmark;TRICKED;$ 1000;17
670;Samuli Herrala;Twixie;Finland;KOVA;$ 51240;17
671;Alex Voynov;vek;Canada;RC;$ 900;17
672;Connor Sullivan;chop;United States;Kinship;$ 350;17
673;Lauri Hietala;pietola;Finland;KOVA;$ 39392;16
674;Petteri Jaakkola;peku;Finland;KOVA;$ 41117;16
675;James Richards;Laes;Australia;GZ;$ 500;16
676;Tyson Paterson;asap;Australia;Rooster;$ 3467;16
677;Toby Barnes;BRACE;Australia;VERTEX;$ 718;16
678;Robert Sims;jemi;Finland;SJ;$ 3370;16
679;Topi Kauppi;LYNXi;Finland;SJ;$ 3370;16
680;Matthew Zdilar;ZILLA;Australia;Paradox;$ 1364;16
681;Jakob Schildt;Daffu;Denmark;CPF;$ 2537;15
682;Aleksandr Gurkin;KENSI;Russian Federation;EthereaI;$ 712;15
683;Lincoln Lau;fnx;Brazil;Imperial;$ 399993;14
684;Jet Gao;jet-;United States;Super Team;$ 1500;14
685;Vadim Panchuk;V4D1M;Russian Federation;IG Int;$ 1632;14
686;James Lytras;Roflko;Australia;VERTEX;$ 468;14
687;Reece Wilkerson;Wilky;United States;ImPerium;$ 350;14
688;Thotsaphon Suphatthanaphalaphon;cbbk;Thailand;NG;$ 3293;13
689;Heng Yang;expro;China;LVG;$ 2374;13
690;Kalin Erenditsov;KalubeR;Bulgaria;TT;$ 2389;13
691;Danylo Bakin;nat1ve;Ukraine;MAJESTY;$ 538;13
692;Michael Burgess;Jinx;Korea, Republic of;LD;$ 2298;13
693;Ezekiel Hughes;KmZ;United States;Super Team;$ 900;13
694;David Jolin;J0LZ;Canada;RC;$ 1466;13
695;Miguel Llombart;Blastinho;Spain;Super Team;$ 511;12
696;Christina Johnson;Lakia;Korea, Republic of;LD;$ 3638;12
697;Pere Solsona Saumell;sausol;Spain;Super Team;–;12
698;Chao He;MAD;China;JJH;–;12
699;Bilal Ali;SPAMMER;United States;Levitate;$ 400;12
700;Ruslan Melnikov;tlntw;Russian Federation;JJH;–;12
701;Ian Carfora;heretic;United States;ImPerium;$ 350;12
702;Artem Gradovich;RAiLWAY;Russian Federation;MCrew;$ 580;11
703;Carter Richardson;CarterJ;United States;ImPerium;$ 440;11
704;Jeff Ngo;RZU;United States;Rugratz;$ 2600;11
705;Wesley Harris;viz;United States;iNcognito;$ 1300;11
706;James Ellison;EllisoN;United States;ImPerium;$ 350;11
707;Igor Kanaev;igorlight;Russian Federation;JJH;$ 600;10
708;Adam Andersson;WolfY;United States;Secret Club;$ 1400;10
709;Rui Lima;RIZZZ;Portugal;Giants;$ 278;10
710;Grant Burt;Burt^;United States;ImPerium;$ 150;10
711;Sebastian Trela;NEEX;Poland;SMASH;$ 9176;9
712;Chad Miller;Oderus;United States;ML;$ 2550;9
713;Veselin Angelov;doublemagic;Bulgaria;TT;$ 2389;9
714;Simon Snedker;snedker;Denmark;Free Player;$ 1024;9
715;Rinaldo Moda Junior;ableJ;Brazil;Super Team;$ 48284;9
716;Erin Willis;Fessor;Denmark;Vikings;–;9
717;Adam Marian;adamS;Romania;Super Team;$ 2000;9
718;Logan Corti;LOGAN;France;LDLC;$ 30966;8
719;Leonard Volodarchuk;kenzor;Ukraine;Kyiv;$ 7901;8
720;Robin Torres;MAJ3R;Turkey;Sangal;$ 162301;8
721;Alexandr Marenov;shalfey;Russian Federation;Unique;$ 100;8
722;Ivan Miroshnikov;SELLTER;Russian Federation;Unique;$ 100;8
723;Linda Ford;tiburci0;Brazil;DETONA P;$ 4729;8
724;Matthew Seymour;nero;United States;Eclipse;$ 1800;8
725;Zhen Long;Aree;China;Super Team;$ 2142;8
726;Braxton Pierce;swag;United States;SP;$ 44278;7
727;Damian Simonovic;JD;Australia;Rooster 2;$ 5976;7
728;Matheus Anhaia;Tuurtle;Brazil;W7M;$ 4966;7
729;Austin Urb;AAustiN;United States;sixth gear;$ 400;7
730;Rigon Gashi;rigoN;Switzerland;C0ntact;$ 3891;7
731;Vincent Schopenhauer;Happy;France;LDLC;$ 483266;6
732;Skyler Weaver;Relyks;United States;New Identity;$ 57940;6
733;Margaret Mcgrath;freddieb;Sweden;GL;$ 87226;6
734;Sebastian Bucki;seb;United States;New Identity;$ 7700;6
735;Filipe Caires;fp1;Brazil;DETONA;$ 2209;6
736;Tara Smith;jeyN;France;Heretics;$ 2291;6
737;Dener Barchfield;KHTEX;Brazil;RedC;$ 8919;6
738;Raul Bruzaca;r4ul;Brazil;Super Team;$ 367;6
739;Kilian Garcia;Gringo;France;LDLC;$ 872;6
740;Quanqing Wu;qz;China;LQ;$ 430;5
741;William Sundin;draken;Sweden;GL;$ 137878;5
742;Francisco Ramos;obj;Portugal;Giants;$ 728;5
743;Jake McDonald;kaboose;United States;SP;$ 47417;5
744;Leroy Howell;SHOOWTiME;Brazil;Imperial;$ 93578;5
745;Vinicios Coelho;PKL;Brazil;paiN;$ 43862;5
746;Caio Fonseca;zqkS;Brazil;Imperial;$ 22511;5
747;Gabriel Schenato;NEKIZ;Brazil;paiN;$ 48648;5
748;Stacey Tran;mono;Poland;PLMIX;$ 7433;5
749;Vadim Tsyrov;Polt;Russian Federation;EXTRMM;$ 800;5
750;Liam Eddington;smooth_criminal22;Australia;Rooster 2;$ 3068;5
751;Rafael Lima;raafa;Brazil;W7M;$ 8852;5
752;Fillipe Martins;pancc;Brazil;W7M;$ 7589;5
753;Antonio Oliveira;real;Brazil;W7M;$ 7642;5
754;Wesley Lopes;hardzao;Brazil;paiN;$ 7832;5
755;Rodrigo Bittencourt;biguzera;Brazil;paiN;$ 5050;5
756;Felipe Medeiros;skullz;Brazil;W7M;$ 5339;5
757;Leonardo Toledo;zmb;Brazil;Super Team;$ 367;5
758;Ioann Sukhariev;Edward;Ukraine;selectah;$ 580210;4
759;Denis Fischer;dzt;Brazil;Imperial;$ 3292;4
760;Anton Platko;Koshak;Russian Federation;EXTRMM;$ 1600;4
761;Felipe Delboni;delboNi;Brazil;Imperial;$ 5934;4
762;Ryan Amann;Snakes;United States;Quest;$ 28240;4
763;Patryk Korab;Sidney;Poland;AGO NEST;$ 6148;4
764;Dalton Vinar;swede;Australia;TWA;$ 1038;4
765;Meredith Porter;sarenii;Bosnia and Herzegovina;TT;$ 857;4
766;Eric Xu;Kanpeki;United States;Hyper;–;4
767;Matias Prediger;PREDI;Argentina;Nocturns;–;4
768;Gabriel Dias;sutecas;Brazil;Paqueta;$ 1629;4
769;Jennifer Cummings;NiSMO;Canada;NEW;$ 400;4
770;Joshua Madore;Hunter;United States;Rugratz;$ 1770;4
771;Alexander Diaz;zander;United States;Rugratz;$ 1050;4
772;Daniel Marques;DANVIET;Brazil;Evidence;$ 482;4
773;Peter Mazuryk;Asuna;United States;Triumph;–;4
774;Johannes Maget;nex;Germany;BIG;$ 155144;3
775;Nicole Mclean;sXe;Romania;NXS;$ 7150;3
776;Francisco Rosa Egea;Zorrele;Spain;Cream;–;3
777;Nicolai Amorim;torben;Denmark;tRICKED;$ 16125;3
778;David Dobrosavljevic;devoduvek;France;Juggers;$ 48106;3
779;Benjamin Dodson;AE;China;TSG;$ 8951;3
780;Wei Wang;shuadapai;China;O2;$ 11643;3
781;Brandon Watson;Ergasster;Spain;Cream;–;3
782;Alexandre Zizi;xand;Brazil;9z;$ 11167;3
783;Magnus Toft;Toft;Denmark;TRICKED;$ 1602;3
784;Julio Souza;FATAL;Brazil;Super Team;$ 1350;3
785;Lucas Blow;Fiziq;United States;NEW;$ 2290;3
786;Leonardo Silva;LeoGOD;Brazil;Bravos;$ 1512;3
787;Adriano Cerato;WOOD7;Brazil;Bravos;$ 1839;3
788;Kaique Guidotti;kaiG;Brazil;Bravos;$ 1881;3
789;Genaro Hokama;restikk;Argentina;Cream;$ 756;3
790;Lucas Soares;luk;Brazil;Super Team;$ 2124;3
791;Matheus Dantas;krg;Brazil;Bravos;$ 1787;3
792;Lucas Leal;lealziNho;Brazil;Bravos;$ 1576;3
793;Lucas Dalesio;Chuky;Argentina;Cream;$ 385;3
794;Kuo Kuo;648;Argentina;Cream;$ 385;3
795;David Tapia Maldonado;dav1d;Chile;RedC;$ 528;3
796;Norman Yeung;contii;United States;Free Player;–;3
797;Harold Jones;LEGIJA;Germany;BIG;$ 81184;2
798;Katrina Price;meisoN;Spain;QLASH;$ 2577;2
799;Zachary Hicks;xikii;Spain;QLASH;$ 682;2
800;Raphael Lacerda;exit;Brazil;Sharks;$ 13865;2
